{
    "Title": "The Avengers"
    , "Year": "2012"
    , "Rated": "PG-13"
    , "Released": "04 May 2012"
    , "Runtime": "143 min"
    , "Genre": "Action, Sci-Fi"
    , "Director": "Joss Whedon"
    , "Writer": "Joss Whedon (screenplay), Zak Penn (story), Joss Whedon (story)"
    , "Actors": "Robert Downey Jr., Chris Evans, Mark Ruffalo, Chris Hemsworth"
    , "Plot": "Earth's mightiest heroes must come together and learn to fight as a team if they are to stop the mischievous Loki and his alien army from enslaving humanity."
    , "Language": "English, Russian, Hindi"
    , "Country": "USA"
    , "Awards": "Nominated for 1 Oscar. Another 37 wins & 79 nominations."
    , "Poster": "https://images-na.ssl-images-amazon.com/images/M/MV5BMTk2NTI1MTU4N15BMl5BanBnXkFtZTcwODg0OTY0Nw@@._V1_SX300.jpg"
    , "Ratings": [{
        "Source": "Internet Movie Database"
        , "Value": "8.1/10"
    }, {
        "Source": "Rotten Tomatoes"
        , "Value": "92%"
    }, {
        "Source": "Metacritic"
        , "Value": "69/100"
    }]
    , "Metascore": "69"
    , "imdbRating": "8.1"
    , "imdbVotes": "1,051,143"
    , "imdbID": "tt0848228"
    , "Type": "movie"
    , "DVD": "25 Sep 2012"
    , "BoxOffice": "$623,279,547"
    , "Production": "Walt Disney Pictures"
    , "Website": "http://marvel.com/avengers_movie"
    , "Response": "True"
}