{
    "Title": "Captain America: Civil War"
    , "Year": "2016"
    , "Rated": "PG-13"
    , "Released": "06 May 2016"
    , "Runtime": "147 min"
    , "Genre": "Action, Adventure, Sci-Fi"
    , "Director": "Anthony Russo, Joe Russo"
    , "Writer": "Christopher Markus (screenplay), Stephen McFeely (screenplay), Joe Simon (based on the Marvel comics by), Jack Kirby (based on the Marvel comics by)"
    , "Actors": "Chris Evans, Robert Downey Jr., Scarlett Johansson, Sebastian Stan"
    , "Plot": "Political interference in the Avengers' activities causes a rift between former allies Captain America and Iron Man."
    , "Language": "English, German, Xhosa, Russian, Romanian, Hindi"
    , "Country": "USA"
    , "Awards": "6 wins & 61 nominations."
    , "Poster": "https://images-na.ssl-images-amazon.com/images/M/MV5BMjQ0MTgyNjAxMV5BMl5BanBnXkFtZTgwNjUzMDkyODE@._V1_SX300.jpg"
    , "Ratings": [{
        "Source": "Internet Movie Database"
        , "Value": "7.9/10"
    }, {
        "Source": "Rotten Tomatoes"
        , "Value": "90%"
    }, {
        "Source": "Metacritic"
        , "Value": "75/100"
    }]
    , "Metascore": "75"
    , "imdbRating": "7.9"
    , "imdbVotes": "417,490"
    , "imdbID": "tt3498820"
    , "Type": "movie"
    , "DVD": "13 Sep 2016"
    , "BoxOffice": "$408,080,554"
    , "Production": "Walt Disney Pictures"
    , "Website": "http://marvel.com/captainamerica#/home"
    , "Response": "True"
}