{
    "Title": "Legends of Tomorrow"
    , "Year": "2016–"
    , "Rated": "TV-14"
    , "Released": "21 Jan 2016"
    , "Runtime": "42 min"
    , "Genre": "Action, Adventure, Drama"
    , "Director": "N/A"
    , "Writer": "Greg Berlanti, Marc Guggenheim, Phil Klemmer, Andrew Kreisberg"
    , "Actors": "Victor Garber, Brandon Routh, Caity Lotz, Franz Drameh"
    , "Plot": "Focuses on time-traveling rogue Rip Hunter, who has to recruit a rag-tag team of heroes and villains to help prevent an apocalypse that could impact not only Earth, but all of time."
    , "Language": "English"
    , "Country": "USA"
    , "Awards": "2 wins & 1 nomination."
    , "Poster": "https://images-na.ssl-images-amazon.com/images/M/MV5BNzQyMjg4MjE5NF5BMl5BanBnXkFtZTgwMzE5MTIxMDI@._V1_SX300.jpg"
    , "Ratings": [{
        "Source": "Internet Movie Database"
        , "Value": "7.0/10"
    }]
    , "Metascore": "N/A"
    , "imdbRating": "7.0"
    , "imdbVotes": "56,731"
    , "imdbID": "tt4532368"
    , "Type": "series"
    , "totalSeasons": "3"
    , "Response": "True"
}