{
    "Title": "Man of Steel"
    , "Year": "2013"
    , "Rated": "PG-13"
    , "Released": "14 Jun 2013"
    , "Runtime": "143 min"
    , "Genre": "Action, Adventure, Fantasy"
    , "Director": "Zack Snyder"
    , "Writer": "David S. Goyer (screenplay), David S. Goyer (story), Christopher Nolan (story), Jerry Siegel (Superman created by), Joe Shuster (Superman created by)"
    , "Actors": "Henry Cavill, Amy Adams, Michael Shannon, Diane Lane"
    , "Plot": "Clark Kent, one of the last of an extinguished race disguised as an unremarkable human, is forced to reveal his identity when Earth is invaded by an army of survivors who threaten to bring the planet to the brink of destruction."
    , "Language": "English"
    , "Country": "USA, Canada, UK"
    , "Awards": "7 wins & 46 nominations."
    , "Poster": "https://images-na.ssl-images-amazon.com/images/M/MV5BMTk5ODk1NDkxMF5BMl5BanBnXkFtZTcwNTA5OTY0OQ@@._V1_SX300.jpg"
    , "Ratings": [{
        "Source": "Internet Movie Database"
        , "Value": "7.1/10"
    }, {
        "Source": "Rotten Tomatoes"
        , "Value": "55%"
    }, {
        "Source": "Metacritic"
        , "Value": "55/100"
    }]
    , "Metascore": "55"
    , "imdbRating": "7.1"
    , "imdbVotes": "582,519"
    , "imdbID": "tt0770828"
    , "Type": "movie"
    , "DVD": "12 Nov 2013"
    , "BoxOffice": "$291,021,565"
    , "Production": "Warner Bros. Pictures"
    , "Website": "http://manofsteel.warnerbros.com"
    , "Response": "True"
}