{
    "Title": "The Flash"
    , "Year": "2014–"
    , "Rated": "TV-PG"
    , "Released": "07 Oct 2014"
    , "Runtime": "43 min"
    , "Genre": "Action, Adventure, Drama"
    , "Director": "N/A"
    , "Writer": "Greg Berlanti, Geoff Johns, Andrew Kreisberg"
    , "Actors": "Grant Gustin, Candice Patton, Danielle Panabaker, Carlos Valdes"
    , "Plot": "After being struck by lightning, Barry Allen wakes up from his coma to discover he's been given the power of super speed, becoming the Flash, fighting crime in Central City."
    , "Language": "English"
    , "Country": "USA"
    , "Awards": "Nominated for 1 Primetime Emmy. Another 11 wins & 37 nominations."
    , "Poster": "https://images-na.ssl-images-amazon.com/images/M/MV5BMTY3NTgwNTA4NF5BMl5BanBnXkFtZTgwMDQ0MDUxMDI@._V1_SX300.jpg"
    , "Ratings": [{
        "Source": "Internet Movie Database"
        , "Value": "8.1/10"
    }]
    , "Metascore": "N/A"
    , "imdbRating": "8.1"
    , "imdbVotes": "220,943"
    , "imdbID": "tt3107288"
    , "Type": "series"
    , "totalSeasons": "4"
    , "Response": "True"
}